{"cameraMode":{"drawMode":0,"name":"Shaded","section":"Shading Mode"},"sceneLighting":true,"audioPlay":false,"sceneViewState":{"m_AlwaysRefresh":false,"showFog":true,"showSkybox":true,"showFlares":true,"showImageEffects":true,"showParticleSystems":true,"showVisualEffectGraphs":true,"m_FxEnabled":true},"in2DMode":false,"pivot":{"x":270.3484802246094,"y":181.32408142089845,"z":-1.7220497131347657},"rotation":{"x":0.2407856285572052,"y":0.03201892971992493,"z":-0.007947227917611599,"w":0.9700215458869934},"size":27.178081512451173,"orthographic":false}