{"cameraMode":{"drawMode":0,"name":"Shaded","section":"Shading Mode"},"sceneLighting":true,"audioPlay":false,"sceneViewState":{"m_AlwaysRefresh":false,"showFog":true,"showSkybox":true,"showFlares":true,"showImageEffects":true,"showParticleSystems":true,"showVisualEffectGraphs":true,"m_FxEnabled":true},"in2DMode":false,"pivot":{"x":41.67713928222656,"y":6.273950576782227,"z":-29.408798217773439},"rotation":{"x":-0.001478333491832018,"y":0.9656505584716797,"z":0.005494784098118544,"w":0.2597824037075043},"size":-2.549253463745117,"orthographic":false}