{"cameraMode":{"drawMode":0,"name":"Shaded","section":"Shading Mode"},"sceneLighting":false,"audioPlay":false,"sceneViewState":{"showFog":true,"showMaterialUpdate":false,"showSkybox":false,"showFlares":true,"showImageEffects":true,"showParticleSystems":true},"in2DMode":false,"pivot":{"x":11.116533279418946,"y":22.998611450195314,"z":127.95164489746094},"rotation":{"x":0.14400944113731385,"y":0.3180258274078369,"z":0.04894092306494713,"w":-0.935802161693573},"size":45.685752868652347,"orthographic":false}