{"cameraMode":{"drawMode":0,"name":"Shaded","section":"Shading Mode"},"sceneLighting":false,"audioPlay":false,"sceneViewState":{"showFog":true,"showMaterialUpdate":false,"showSkybox":false,"showFlares":true,"showImageEffects":true,"showParticleSystems":true},"in2DMode":false,"pivot":{"x":18.36692237854004,"y":8.412312507629395,"z":134.80299377441407},"rotation":{"x":-0.009088379330933094,"y":0.21636350452899934,"z":-0.002013872843235731,"w":-0.9762685298919678},"size":45.685752868652347,"orthographic":false}