{"cameraMode":{"drawMode":0,"name":"Shaded","section":"Shading Mode"},"sceneLighting":false,"audioPlay":false,"sceneViewState":{"showFog":true,"showMaterialUpdate":false,"showSkybox":false,"showFlares":true,"showImageEffects":true,"showParticleSystems":true},"in2DMode":false,"pivot":{"x":718.4150390625,"y":803.6700439453125,"z":-188.60693359375},"rotation":{"x":-0.032717254012823108,"y":-0.2896202802658081,"z":-0.009906557388603688,"w":0.9565310478210449},"size":487.00634765625,"orthographic":false}