{"cameraMode":{"drawMode":0,"name":"Shaded","section":"Shading Mode"},"sceneLighting":false,"audioPlay":false,"sceneViewState":{"showFog":true,"showMaterialUpdate":false,"showSkybox":false,"showFlares":true,"showImageEffects":true,"showParticleSystems":true},"in2DMode":false,"pivot":{"x":-0.09999847412109375,"y":16.700000762939454,"z":79.9000015258789},"rotation":{"x":-0.01173433568328619,"y":0.7674787044525147,"z":-0.014053198508918286,"w":-0.6408129930496216},"size":127.6169662475586,"orthographic":false}