{"cameraMode":{"drawMode":0,"name":"Shaded","section":"Shading Mode"},"sceneLighting":true,"audioPlay":false,"sceneViewState":{"showFog":true,"showMaterialUpdate":false,"showSkybox":true,"showFlares":true,"showImageEffects":true,"showParticleSystems":true},"in2DMode":false,"pivot":{"x":190.93099975585938,"y":276.21417236328127,"z":56.843505859375},"rotation":{"x":0.028092510998249055,"y":0.08147422969341278,"z":0.002297255676239729,"w":-0.99627685546875},"size":2025.396728515625,"orthographic":false}