{"cameraMode":{"drawMode":0,"name":"Shaded","section":"Shading Mode"},"sceneLighting":true,"audioPlay":false,"sceneViewState":{"m_AlwaysRefresh":false,"showFog":true,"showSkybox":true,"showFlares":true,"showImageEffects":true,"showParticleSystems":true,"showVisualEffectGraphs":true,"m_FxEnabled":true},"in2DMode":false,"pivot":{"x":50.990909576416019,"y":6.871842384338379,"z":-38.05447006225586},"rotation":{"x":-0.013338365592062474,"y":-0.9693541526794434,"z":0.05416318401694298,"w":-0.23935215175151826},"size":2.0660252571105959,"orthographic":false}