{"cameraMode":{"drawMode":0,"name":"Shaded","section":"Shading Mode"},"sceneLighting":true,"audioPlay":false,"sceneViewState":{"showFog":true,"showMaterialUpdate":false,"showSkybox":true,"showFlares":true,"showImageEffects":true,"showParticleSystems":true},"in2DMode":false,"pivot":{"x":27.057472229003908,"y":7.134561538696289,"z":-1.6708030700683594},"rotation":{"x":-0.10964928567409516,"y":0.12045512348413468,"z":0.013387935236096383,"w":0.9865537881851196},"size":39.352577209472659,"orthographic":false}