{"cameraMode":{"drawMode":0,"name":"Shaded","section":"Shading Mode"},"sceneLighting":false,"audioPlay":false,"sceneViewState":{"showFog":true,"showMaterialUpdate":false,"showSkybox":false,"showFlares":true,"showImageEffects":true,"showParticleSystems":true},"in2DMode":false,"pivot":{"x":12.791934967041016,"y":3.1915504932403566,"z":-3.8465957641601564},"rotation":{"x":0.001834995113313198,"y":-0.9979745745658875,"z":-0.03413389250636101,"w":-0.05365046113729477},"size":15.223883628845215,"orthographic":false}