{"cameraMode":{"drawMode":0,"name":"Shaded","section":"Shading Mode"},"sceneLighting":true,"audioPlay":false,"sceneViewState":{"showFog":true,"showMaterialUpdate":false,"showSkybox":true,"showFlares":true,"showImageEffects":true,"showParticleSystems":true},"in2DMode":false,"pivot":{"x":15.975433349609375,"y":1761.8577880859375,"z":2641.6787109375},"rotation":{"x":0.22695273160934449,"y":0.0443880520761013,"z":0.010355290025472641,"w":-0.9728386402130127},"size":3903.0263671875,"orthographic":false}